id;name;gender;birth_date;telephone;created_by;updated_by;deleted_by
1;awkwardly fooey;genuine;superb with whimsical;526-730-8554 x4247;active;quizzically white easily;beside including reconquer
2;sabotage sandy;brightly;vice yahoo;(418) 246-2131;even inside;dictator faithfully;breathe tattered
3;anenst;atop;atop;1-999-708-3580 x85789;nimble undermine;cash daintily;miserable how
4;hormone;yowza whirl till;ouch;(223) 948-7380 x051;shed once discourse;blind;once download
5;sparse helplessly;minnow;if unto indeed;1-507-633-4884 x06509;wooden;thankfully insistent;midst yippee
6;opposite ouch diligently;against;ha;335-466-4143 x19376;so reconfirm ew;times oof;though rumor
7;staircase fizzle tingling;quintessential past referee;as;1-470-668-2000 x3015;wannabe;second-hand;blah
8;extremely;blah of cultured;pith plasticise;933-803-8130 x3601;practical story-telling;chaos;meanwhile duck exhort
9;bolster shrilly;minus blare given;numb;204.435.4387 x452;pomegranate what;iris;keenly
10;although brandish;even down;rutabaga positive;1-281-396-7610 x640;simple famous;er hence;stride
